{"MbxOParON3ChKqBcsqmMmA==":"wifi-hd-png-wifi-icon-png-256-101x91.png","w9bd7L52eOeWGtt4VXP5dQ==":"22-1920x1080.png","mwb6yEhxWdAqaGPEs4oFtg==":"log1-1920x1080.png","62aPDiEQyY6+ZGl61Zsehg==":"ice_screenshot_20190325-203927-345x490.png","mpfrmT4wacsUyK8FaVtyOQ==":"ice_screenshot_20190325-204054-346x492.png","0eNnqSIThsjLEGUKxx0DIQ==":"ice_screenshot_20190325-204428-344x487.png","Emv8C7zODd76lRuuTsVNdA==":"1-1920x1080.jpg","er3/YqXD6cWpwP0tlXuYaA==":"ice_screenshot_20190325-154143-683x405.png","9t1LOYEneX67aEDnn24hsA==":"ice_screenshot_20190325-192853-461x505.png","GSQTCLmRzR07PJCrELG9Xw==":"1111-297x200.png","VtHy2CUIux9DBSnO2F2ALg==":"2222-297x200.png","nFgWEHEHmbGCwAJXs7+prA==":"3333-297x200.png","CkMtVGrxOhJdCnX1IJyrEA==":"47115864_2151493204870284_3026571936328056832_n-295x198.jpg","jtJrQe8OapWTQU/UIVMJIw==":"elegan-297x200.png","lyeJYC77VWd54n/PJi/xUw==":"k-297x200.png","Zz5Ks65VIwbsH3D7dtTd+Q==":"5555-297x200.png","82ET/Kxe+viQj4JJc6reXA==":"6666-297x200.png","5gfyq3q2k9dhim1QRcWAcw==":"7777-297x200.png","tHjCZZHVCReNIKWDZao07Q==":"46254639_10212499050409553_4946321746685853696_n-351x523.jpg","BerZyX/f5LFc/PtbE5+++w==":"mks-972x301.png","8mlUzIHfLWg5BSEIRrdIbg==":"paket%20hotspot-1068x641.png"}